{
  "accuracy": 92.85714285714286,
  "macro_f1": 0.896551724137931,
  "total_samples": 28,
  "correct_predictions": 26
}